Year,Month,Monthly_average,De_season_alized,St_dev_mon,Unc_of_mean
1958,3,315.7,314.43,-9.99,-0.99
1958,4,317.45,315.16,-9.99,-0.99
1958,5,317.51,314.71,-9.99,-0.99
1958,6,317.24,315.14,-9.99,-0.99
1958,7,315.86,315.18,-9.99,-0.99
1958,8,314.93,316.18,-9.99,-0.99
1958,9,313.2,316.08,-9.99,-0.99
1958,10,312.43,315.41,-9.99,-0.99
1958,11,313.33,315.2,-9.99,-0.99
1958,12,314.67,315.43,-9.99,-0.99
1959,1,315.58,315.55,-9.99,-0.99
1959,2,316.48,315.86,-9.99,-0.99
1959,3,316.65,315.38,-9.99,-0.99
1959,4,317.72,315.41,-9.99,-0.99
1959,5,318.29,315.49,-9.99,-0.99
1959,6,318.15,316.03,-9.99,-0.99
1959,7,316.54,315.86,-9.99,-0.99
1959,8,314.8,316.06,-9.99,-0.99
1959,9,313.84,316.73,-9.99,-0.99
1959,10,313.33,316.33,-9.99,-0.99
1959,11,314.81,316.68,-9.99,-0.99
1959,12,315.58,316.35,-9.99,-0.99
1960,1,316.43,316.4,-9.99,-0.99
1960,2,316.98,316.36,-9.99,-0.99
1960,3,317.58,316.28,-9.99,-0.99
1960,4,319.03,316.7,-9.99,-0.99
1960,5,320.04,317.22,-9.99,-0.99
1960,6,319.59,317.47,-9.99,-0.99
1960,7,318.18,317.52,-9.99,-0.99
1960,8,315.9,317.19,-9.99,-0.99
1960,9,314.17,317.08,-9.99,-0.99
1960,10,313.83,316.83,-9.99,-0.99
1960,11,315,316.88,-9.99,-0.99
1960,12,316.19,316.96,-9.99,-0.99
1961,1,316.89,316.86,-9.99,-0.99
1961,2,317.7,317.08,-9.99,-0.99
1961,3,318.54,317.26,-9.99,-0.99
1961,4,319.48,317.16,-9.99,-0.99
1961,5,320.58,317.76,-9.99,-0.99
1961,6,319.77,317.63,-9.99,-0.99
1961,7,318.57,317.88,-9.99,-0.99
1961,8,316.79,318.06,-9.99,-0.99
1961,9,314.99,317.9,-9.99,-0.99
1961,10,315.31,318.32,-9.99,-0.99
1961,11,316.1,317.99,-9.99,-0.99
1961,12,317.01,317.79,-9.99,-0.99
1962,1,317.94,317.91,-9.99,-0.99
1962,2,318.55,317.92,-9.99,-0.99
1962,3,319.68,318.39,-9.99,-0.99
1962,4,320.57,318.24,-9.99,-0.99
1962,5,321.02,318.18,-9.99,-0.99
1962,6,320.62,318.47,-9.99,-0.99
1962,7,319.61,318.92,-9.99,-0.99
1962,8,317.4,318.68,-9.99,-0.99
1962,9,316.25,319.17,-9.99,-0.99
1962,10,315.42,318.45,-9.99,-0.99
1962,11,316.69,318.58,-9.99,-0.99
1962,12,317.7,318.47,-9.99,-0.99
1963,1,318.74,318.7,-9.99,-0.99
1963,2,319.07,318.44,-9.99,-0.99
1963,3,319.86,318.57,-9.99,-0.99
1963,4,321.38,319.05,-9.99,-0.99
1963,5,322.25,319.4,-9.99,-0.99
1963,6,321.48,319.32,-9.99,-0.99
1963,7,319.74,319.05,-9.99,-0.99
1963,8,317.77,319.05,-9.99,-0.99
1963,9,316.21,319.14,-9.99,-0.99
1963,10,315.99,319.02,-9.99,-0.99
1963,11,317.07,318.97,-9.99,-0.99
1963,12,318.35,319.13,-9.99,-0.99
1964,1,319.57,319.54,-9.99,-0.99
1964,2,320.01,319.37,-9.99,-0.99
1964,3,320.74,319.41,-9.99,-0.99
1964,4,321.84,319.45,-9.99,-0.99
1964,5,322.26,319.4,-9.99,-0.99
1964,6,321.89,319.75,-9.99,-0.99
1964,7,320.44,319.77,-9.99,-0.99
1964,8,318.69,320,-9.99,-0.99
1964,9,316.7,319.66,-9.99,-0.99
1964,10,316.87,319.91,-9.99,-0.99
1964,11,317.68,319.58,-9.99,-0.99
1964,12,318.71,319.49,-9.99,-0.99
1965,1,319.44,319.4,-9.99,-0.99
1965,2,320.44,319.81,-9.99,-0.99
1965,3,320.89,319.59,-9.99,-0.99
1965,4,322.14,319.78,-9.99,-0.99
1965,5,322.17,319.3,-9.99,-0.99
1965,6,321.87,319.7,-9.99,-0.99
1965,7,321.21,320.51,-9.99,-0.99
1965,8,318.87,320.15,-9.99,-0.99
1965,9,317.81,320.77,-9.99,-0.99
1965,10,317.3,320.36,-9.99,-0.99
1965,11,318.87,320.78,-9.99,-0.99
1965,12,319.42,320.2,-9.99,-0.99
1966,1,320.62,320.59,-9.99,-0.99
1966,2,321.6,320.96,-9.99,-0.99
1966,3,322.39,321.08,-9.99,-0.99
1966,4,323.7,321.34,-9.99,-0.99
1966,5,324.08,321.2,-9.99,-0.99
1966,6,323.75,321.57,-9.99,-0.99
1966,7,322.38,321.68,-9.99,-0.99
1966,8,320.36,321.65,-9.99,-0.99
1966,9,318.64,321.6,-9.99,-0.99
1966,10,318.1,321.17,-9.99,-0.99
1966,11,319.78,321.7,-9.99,-0.99
1966,12,321.03,321.81,-9.99,-0.99
1967,1,322.33,322.29,-9.99,-0.99
1967,2,322.5,321.86,-9.99,-0.99
1967,3,323.04,321.73,-9.99,-0.99
1967,4,324.42,322.04,-9.99,-0.99
1967,5,325,322.12,-9.99,-0.99
1967,6,324.09,321.91,-9.99,-0.99
1967,7,322.54,321.84,-9.99,-0.99
1967,8,320.92,322.21,-9.99,-0.99
1967,9,319.25,322.23,-9.99,-0.99
1967,10,319.39,322.47,-9.99,-0.99
1967,11,320.73,322.65,-9.99,-0.99
1967,12,321.96,322.75,-9.99,-0.99
1968,1,322.57,322.54,-9.99,-0.99
1968,2,323.15,322.51,-9.99,-0.99
1968,3,323.89,322.55,-9.99,-0.99
1968,4,325.02,322.62,-9.99,-0.99
1968,5,325.57,322.68,-9.99,-0.99
1968,6,325.36,323.19,-9.99,-0.99
1968,7,324.14,323.46,-9.99,-0.99
1968,8,322.11,323.43,-9.99,-0.99
1968,9,320.33,323.32,-9.99,-0.99
1968,10,320.25,323.33,-9.99,-0.99
1968,11,321.32,323.25,-9.99,-0.99
1968,12,322.89,323.69,-9.99,-0.99
1969,1,324,323.97,-9.99,-0.99
1969,2,324.42,323.77,-9.99,-0.99
1969,3,325.63,324.31,-9.99,-0.99
1969,4,326.66,324.27,-9.99,-0.99
1969,5,327.38,324.48,-9.99,-0.99
1969,6,326.71,324.51,-9.99,-0.99
1969,7,325.88,325.17,-9.99,-0.99
1969,8,323.66,324.97,-9.99,-0.99
1969,9,322.38,325.37,-9.99,-0.99
1969,10,321.78,324.88,-9.99,-0.99
1969,11,322.86,324.79,-9.99,-0.99
1969,12,324.12,324.91,-9.99,-0.99
1970,1,325.06,325.03,-9.99,-0.99
1970,2,325.98,325.34,-9.99,-0.99
1970,3,326.93,325.61,-9.99,-0.99
1970,4,328.13,325.74,-9.99,-0.99
1970,5,328.08,325.16,-9.99,-0.99
1970,6,327.67,325.46,-9.99,-0.99
1970,7,326.34,325.63,-9.99,-0.99
1970,8,324.69,325.99,-9.99,-0.99
1970,9,323.1,326.1,-9.99,-0.99
1970,10,323.06,326.18,-9.99,-0.99
1970,11,324.01,325.95,-9.99,-0.99
1970,12,325.13,325.93,-9.99,-0.99
1971,1,326.17,326.14,-9.99,-0.99
1971,2,326.68,326.03,-9.99,-0.99
1971,3,327.17,325.85,-9.99,-0.99
1971,4,327.79,325.38,-9.99,-0.99
1971,5,328.93,326,-9.99,-0.99
1971,6,328.57,326.36,-9.99,-0.99
1971,7,327.36,326.65,-9.99,-0.99
1971,8,325.43,326.74,-9.99,-0.99
1971,9,323.36,326.37,-9.99,-0.99
1971,10,323.56,326.69,-9.99,-0.99
1971,11,324.8,326.75,-9.99,-0.99
1971,12,326.01,326.82,-9.99,-0.99
1972,1,326.77,326.73,-9.99,-0.99
1972,2,327.63,326.98,-9.99,-0.99
1972,3,327.75,326.39,-9.99,-0.99
1972,4,329.72,327.29,-9.99,-0.99
1972,5,330.07,327.14,-9.99,-0.99
1972,6,329.09,326.88,-9.99,-0.99
1972,7,328.04,327.36,-9.99,-0.99
1972,8,326.32,327.67,-9.99,-0.99
1972,9,324.84,327.87,-9.99,-0.99
1972,10,325.2,328.33,-9.99,-0.99
1972,11,326.5,328.45,-9.99,-0.99
1972,12,327.55,328.36,-9.99,-0.99
1973,1,328.55,328.51,-9.99,-0.99
1973,2,329.56,328.91,-9.99,-0.99
1973,3,330.3,328.96,-9.99,-0.99
1973,4,331.5,329.08,-9.99,-0.99
1973,5,332.48,329.54,-9.99,-0.99
1973,6,332.07,329.84,-9.99,-0.99
1973,7,330.87,330.15,-9.99,-0.99
1973,8,329.31,330.63,-9.99,-0.99
1973,9,327.51,330.55,-9.99,-0.99
1973,10,327.18,330.32,-9.99,-0.99
1973,11,328.16,330.13,-9.99,-0.99
1973,12,328.64,329.45,-9.99,-0.99
1974,1,329.35,329.32,-9.99,-0.99
1974,2,330.71,330.05,-9.99,-0.99
1974,3,331.48,330.14,-9.99,-0.99
1974,4,332.65,330.22,-9.99,-0.99
1974,5,333.19,330.22,0.31,0.16
1974,6,332.2,329.79,0.37,0.14
1974,7,331.07,330.21,0.24,0.09
1974,8,329.15,330.54,0.31,0.12
1974,9,327.33,330.44,0.47,0.19
1974,10,327.28,330.52,0.22,0.09
1974,11,328.31,330.5,0.43,0.16
1974,12,329.58,330.56,0.29,0.1
1975,1,330.73,330.84,0.43,0.15
1975,2,331.46,330.85,0.46,0.17
1975,3,331.94,330.37,0.33,0.15
1975,4,333.11,330.53,0.59,0.24
1975,5,333.95,330.97,0.35,0.13
1975,6,333.42,331.01,0.48,0.18
1975,7,331.97,331.12,0.45,0.18
1975,8,329.95,331.33,0.47,0.18
1975,9,328.5,331.6,0.53,0.22
1975,10,328.36,331.61,0.21,0.12
1975,11,329.38,331.57,0.31,0.14
1975,12,330.62,331.6,-9.99,-0.99
1976,1,331.56,331.67,0.23,0.1
1976,2,332.74,332.13,0.49,0.2
1976,3,333.36,331.79,0.52,0.23
1976,4,334.74,332.16,0.77,0.35
1976,5,334.72,331.75,0.56,0.23
1976,6,333.98,331.56,0.21,0.1
1976,7,333.08,332.22,0.24,0.12
1976,8,330.68,332.07,0.51,0.2
1976,9,328.96,332.07,0.69,0.37
1976,10,328.72,331.97,0.57,0.25
1976,11,330.16,332.35,0.36,0.14
1976,12,331.62,332.6,0.38,0.16
1977,1,332.68,332.77,0.4,0.16
1977,2,333.17,332.57,0.34,0.15
1977,3,334.96,333.4,0.51,0.21
1977,4,336.14,333.54,0.5,0.21
1977,5,336.93,333.99,0.31,0.13
1977,6,336.17,333.79,0.4,0.16
1977,7,334.88,334,0.23,0.1
1977,8,332.56,333.9,0.46,0.21
1977,9,331.29,334.36,0.46,0.2
1977,10,331.28,334.5,0.29,0.12
1977,11,332.46,334.69,0.43,0.18
1977,12,333.6,334.59,0.36,0.14
1978,1,334.94,335.01,0.52,0.21
1978,2,335.26,334.59,0.5,0.19
1978,3,336.66,335,0.59,0.21
1978,4,337.69,335.07,0.44,0.2
1978,5,338.02,335.07,0.46,0.17
1978,6,338.01,335.59,0.31,0.15
1978,7,336.5,335.65,0.32,0.14
1978,8,334.42,335.87,0.32,0.14
1978,9,332.36,335.51,0.75,0.35
1978,10,332.45,335.72,0.34,0.14
1978,11,333.76,335.99,0.25,0.1
1978,12,334.91,335.89,0.33,0.12
1979,1,336.14,336.22,0.55,0.2
1979,2,336.69,336,0.3,0.11
1979,3,338.27,336.56,0.63,0.26
1979,4,338.82,336.11,0.67,0.26
1979,5,339.24,336.24,0.5,0.22
1979,6,339.26,336.83,0.35,0.15
1979,7,337.54,336.69,0.59,0.22
1979,8,335.72,337.2,0.6,0.23
1979,9,333.98,337.19,0.65,0.29
1979,10,334.24,337.57,0.42,0.16
1979,11,335.32,337.59,0.3,0.11
1979,12,336.81,337.83,0.23,0.09
1980,1,337.9,338.13,0.57,0.2
1980,2,338.34,337.85,0.49,0.18
1980,3,340.07,338.51,0.54,0.22
1980,4,340.93,338.31,0.29,0.11
1980,5,341.45,338.4,0.54,0.21
1980,6,341.36,338.85,0.39,0.17
1980,7,339.45,338.56,0.6,0.22
1980,8,337.67,339.07,1.05,0.5
1980,9,336.25,339.37,0.69,0.34
1980,10,336.14,339.4,0.26,0.1
1980,11,337.3,339.46,0.26,0.1
1980,12,338.29,339.26,0.25,0.1
1981,1,339.29,339.42,0.39,0.14
1981,2,340.55,339.97,0.65,0.25
1981,3,341.63,340.09,0.48,0.19
1981,4,342.6,340,0.46,0.17
1981,5,343.04,339.98,0.19,0.07
1981,6,342.54,340.05,0.29,0.11
1981,7,340.82,339.92,0.46,0.18
1981,8,338.48,339.87,0.48,0.18
1981,9,336.95,340.16,0.55,0.2
1981,10,337.05,340.39,0.39,0.15
1981,11,338.58,340.74,0.31,0.12
1981,12,339.91,340.85,0.28,0.12
1982,1,340.93,341.09,0.3,0.11
1982,2,341.76,341.15,0.49,0.19
1982,3,342.78,341.18,0.41,0.19
1982,4,343.96,341.34,0.42,0.31
1982,5,344.77,341.68,0.37,0.14
1982,6,343.88,341.42,0.37,0.14
1982,7,342.42,341.61,0.35,0.13
1982,8,340.24,341.64,0.61,0.23
1982,9,338.38,341.56,0.59,0.25
1982,10,338.41,341.77,0.5,0.19
1982,11,339.44,341.58,0.39,0.15
1982,12,340.78,341.7,0.3,0.11
1983,1,341.57,341.75,0.47,0.17
1983,2,342.79,342.24,0.37,0.15
1983,3,343.37,341.86,0.88,0.32
1983,4,345.4,342.78,0.29,0.12
1983,5,346.14,342.97,0.51,0.19
1983,6,345.76,343.29,0.3,0.13
1983,7,344.32,343.56,0.57,0.23
1983,8,342.51,343.89,0.73,0.35
1983,9,340.46,343.59,0.5,0.25
1983,10,340.53,343.86,0.31,0.13
1983,11,341.79,343.92,0.33,0.12
1983,12,343.2,344.12,0.25,0.1
1984,1,344.21,344.32,0.4,0.16
1984,2,344.92,344.38,0.32,0.13
1984,3,345.68,344.26,0.3,0.13
1984,4,347.14,344.54,-9.99,-0.99
1984,5,347.78,344.59,0.42,0.18
1984,6,347.16,344.72,0.31,0.13
1984,7,345.79,345.02,0.33,0.15
1984,8,343.74,345.11,0.45,0.25
1984,9,341.59,344.75,0.72,0.37
1984,10,341.86,345.19,0.36,0.2
1984,11,343.31,345.4,0.41,0.19
1984,12,345,345.88,0.53,0.27
1985,1,345.48,345.59,0.38,0.14
1985,2,346.41,345.91,0.37,0.18
1985,3,347.91,346.57,0.34,0.16
1985,4,348.66,346.1,0.61,0.25
1985,5,349.28,346.13,0.51,0.22
1985,6,348.65,346.22,0.34,0.14
1985,7,346.91,346.08,0.36,0.17
1985,8,345.26,346.57,0.57,0.27
1985,9,343.47,346.58,0.57,0.22
1985,10,343.35,346.6,0.29,0.13
1985,11,344.73,346.82,0.4,0.17
1985,12,346.12,347.04,0.62,0.23
1986,1,346.78,346.82,0.31,0.12
1986,2,347.48,346.97,0.45,0.17
1986,3,348.25,346.94,0.7,0.34
1986,4,349.86,347.32,0.38,0.17
1986,5,350.52,347.42,0.31,0.14
1986,6,349.98,347.6,0.25,0.11
1986,7,348.25,347.43,0.47,0.2
1986,8,346.17,347.51,0.48,0.21
1986,9,345.48,348.61,0.63,0.29
1986,10,344.82,348.04,0.32,0.12
1986,11,346.22,348.28,0.3,0.13
1986,12,347.48,348.36,0.35,0.14
1987,1,348.73,348.66,0.46,0.17
1987,2,348.92,348.23,0.58,0.22
1987,3,349.81,348.39,0.35,0.15
1987,4,351.4,348.86,0.68,0.25
1987,5,352.15,349.09,0.37,0.13
1987,6,351.58,349.28,0.21,0.09
1987,7,350.21,349.51,0.73,0.34
1987,8,348.2,349.65,0.85,0.42
1987,9,346.66,349.85,0.61,0.24
1987,10,346.72,349.96,0.41,0.17
1987,11,348.08,350.14,0.33,0.13
1987,12,349.28,350.14,0.2,0.08
1988,1,350.51,350.49,0.21,0.08
1988,2,351.7,350.99,0.57,0.23
1988,3,352.5,350.99,0.78,0.3
1988,4,353.67,351.03,0.48,0.18
1988,5,354.35,351.22,0.37,0.13
1988,6,353.88,351.55,0.3,0.11
1988,7,352.8,352.15,0.49,0.18
1988,8,350.49,352.01,0.62,0.23
1988,9,348.97,352.18,0.47,0.18
1988,10,349.37,352.62,0.31,0.12
1988,11,350.42,352.53,0.2,0.08
1988,12,351.62,352.52,0.36,0.13
1989,1,353.07,352.99,0.45,0.16
1989,2,353.43,352.69,0.38,0.15
1989,3,354.08,352.6,0.53,0.19
1989,4,355.72,353.07,0.47,0.17
1989,5,355.95,352.78,0.49,0.18
1989,6,355.44,353.06,0.42,0.16
1989,7,354.05,353.38,0.41,0.15
1989,8,351.84,353.43,0.48,0.18
1989,9,350.09,353.37,0.69,0.27
1989,10,350.33,353.57,0.34,0.13
1989,11,351.55,353.68,0.36,0.13
1989,12,352.91,353.84,0.48,0.18
1990,1,353.86,353.78,0.34,0.13
1990,2,355.1,354.37,0.66,0.24
1990,3,355.75,354.27,0.57,0.21
1990,4,356.38,353.76,0.55,0.2
1990,5,357.38,354.23,0.3,0.11
1990,6,356.39,354.02,0.4,0.14
1990,7,354.89,354.24,0.89,0.31
1990,8,353.06,354.68,0.62,0.25
1990,9,351.38,354.69,0.72,0.26
1990,10,351.69,354.94,0.3,0.11
1990,11,353.14,355.18,0.2,0.08
1990,12,354.41,355.26,0.51,0.19
1991,1,354.93,354.9,0.51,0.18
1991,2,355.82,355.11,0.54,0.2
1991,3,357.33,355.79,0.73,0.25
1991,4,358.77,356.13,0.66,0.23
1991,5,359.23,356.1,0.52,0.19
1991,6,358.23,355.88,0.3,0.11
1991,7,356.3,355.69,0.46,0.18
1991,8,353.97,355.6,0.39,0.15
1991,9,352.34,355.66,0.37,0.14
1991,10,352.43,355.69,0.25,0.09
1991,11,353.89,355.87,0.25,0.09
1991,12,355.21,356.02,0.34,0.12
1992,1,356.34,356.29,0.6,0.21
1992,2,357.21,356.47,0.56,0.21
1992,3,357.97,356.38,0.72,0.28
1992,4,359.22,356.51,0.53,0.2
1992,5,359.71,356.52,0.74,0.28
1992,6,359.43,357.07,0.49,0.17
1992,7,357.15,356.58,0.63,0.24
1992,8,354.99,356.67,0.62,0.24
1992,9,353.01,356.36,0.98,0.38
1992,10,353.41,356.72,0.56,0.2
1992,11,354.42,356.48,0.34,0.12
1992,12,355.68,356.5,0.32,0.11
1993,1,357.1,357.06,0.58,0.21
1993,2,357.42,356.54,0.49,0.18
1993,3,358.59,356.88,0.72,0.25
1993,4,359.39,356.71,0.53,0.2
1993,5,360.3,357.14,0.45,0.16
1993,6,359.64,357.24,0.35,0.13
1993,7,357.46,356.87,0.78,0.3
1993,8,355.76,357.44,0.62,0.23
1993,9,354.14,357.51,0.73,0.29
1993,10,354.23,357.61,0.29,0.11
1993,11,355.53,357.65,0.26,0.09
1993,12,357.03,357.92,0.28,0.1
1994,1,358.36,358.25,0.33,0.12
1994,2,359.04,358.21,0.5,0.19
1994,3,360.11,358.41,0.82,0.29
1994,4,361.36,358.59,0.5,0.18
1994,5,361.78,358.59,0.45,0.16
1994,6,360.94,358.57,0.3,0.11
1994,7,359.51,358.91,0.41,0.14
1994,8,357.59,359.29,0.43,0.17
1994,9,355.86,359.3,0.58,0.23
1994,10,356.21,359.63,0.28,0.1
1994,11,357.65,359.8,0.51,0.18
1994,12,359.1,359.96,0.46,0.17
1995,1,360.04,359.91,0.47,0.16
1995,2,361,360.18,0.52,0.19
1995,3,361.98,360.37,0.78,0.28
1995,4,363.44,360.76,0.65,0.23
1995,5,363.83,360.73,0.66,0.24
1995,6,363.33,360.98,0.37,0.14
1995,7,361.78,361.1,0.36,0.13
1995,8,359.33,360.93,0.7,0.28
1995,9,358.32,361.71,0.68,0.26
1995,10,358.14,361.52,0.26,0.09
1995,11,359.61,361.75,0.24,0.09
1995,12,360.82,361.67,0.36,0.12
1996,1,362.2,361.98,0.38,0.13
1996,2,363.36,362.47,0.55,0.2
1996,3,364.28,362.64,0.67,0.24
1996,4,364.69,361.99,0.59,0.21
1996,5,365.25,362.23,0.57,0.2
1996,6,365.06,362.82,0.38,0.13
1996,7,363.69,362.98,0.32,0.11
1996,8,361.55,363.13,0.49,0.18
1996,9,359.69,363.14,0.75,0.29
1996,10,359.72,363.12,0.32,0.11
1996,11,361.04,363.18,0.29,0.1
1996,12,362.39,363.23,0.36,0.13
1997,1,363.24,363.03,0.4,0.14
1997,2,364.21,363.4,0.62,0.22
1997,3,364.65,363.02,0.4,0.14
1997,4,366.48,363.82,0.46,0.19
1997,5,366.77,363.87,0.53,0.19
1997,6,365.73,363.56,0.23,0.09
1997,7,364.46,363.74,0.47,0.18
1997,8,362.4,363.98,0.57,0.22
1997,9,360.44,363.83,0.63,0.24
1997,10,360.98,364.28,0.32,0.12
1997,11,362.65,364.71,0.31,0.11
1997,12,364.51,365.28,0.41,0.14
1998,1,365.39,365.19,0.43,0.15
1998,2,366.1,365.29,0.62,0.23
1998,3,367.36,365.73,0.82,0.28
1998,4,368.79,366.17,0.63,0.22
1998,5,369.56,366.68,0.77,0.27
1998,6,369.13,366.95,0.24,0.09
1998,7,367.98,367.29,0.65,0.26
1998,8,366.1,367.69,0.3,0.1
1998,9,364.16,367.51,0.4,0.14
1998,10,364.54,367.82,0.26,0.09
1998,11,365.67,367.7,0.25,0.1
1998,12,367.3,368.05,0.36,0.14
1999,1,368.35,368.13,0.47,0.17
1999,2,369.28,368.46,0.47,0.2
1999,3,369.84,368.24,0.81,0.31
1999,4,371.15,368.62,0.67,0.24
1999,5,371.12,368.31,0.59,0.22
1999,6,370.46,368.3,0.44,0.16
1999,7,369.61,368.93,0.63,0.23
1999,8,367.06,368.63,0.38,0.14
1999,9,364.95,368.28,0.74,0.27
1999,10,365.52,368.8,0.28,0.1
1999,11,366.88,368.86,0.25,0.09
1999,12,368.26,368.93,0.29,0.11
2000,1,369.45,369.24,0.47,0.18
2000,2,369.71,368.99,0.48,0.21
2000,3,370.75,369.24,0.47,0.16
2000,4,371.98,369.44,0.58,0.21
2000,5,371.75,368.87,0.53,0.19
2000,6,371.87,369.66,0.24,0.09
2000,7,370.02,369.36,0.31,0.12
2000,8,368.27,369.87,0.42,0.15
2000,9,367.15,370.46,0.36,0.14
2000,10,367.18,370.42,0.27,0.09
2000,11,368.53,370.48,0.3,0.12
2000,12,369.83,370.46,0.38,0.13
2001,1,370.76,370.6,0.56,0.2
2001,2,371.69,370.95,0.61,0.23
2001,3,372.63,371.06,0.46,0.17
2001,4,373.55,370.99,0.56,0.2
2001,5,374.03,371.11,0.41,0.16
2001,6,373.4,371.17,0.37,0.14
2001,7,371.68,371.08,0.62,0.24
2001,8,369.78,371.39,0.6,0.22
2001,9,368.34,371.61,0.49,0.18
2001,10,368.61,371.85,0.33,0.11
2001,11,369.94,371.92,0.24,0.09
2001,12,371.42,372.09,0.4,0.14
2002,1,372.7,372.48,0.52,0.19
2002,2,373.37,372.49,0.66,0.24
2002,3,374.3,372.61,0.62,0.24
2002,4,375.19,372.54,0.55,0.19
2002,5,375.93,372.98,0.57,0.2
2002,6,375.69,373.46,0.46,0.17
2002,7,374.16,373.58,0.47,0.18
2002,8,372.03,373.7,0.65,0.24
2002,9,370.93,374.29,0.74,0.3
2002,10,370.73,374.06,0.62,0.21
2002,11,372.43,374.52,0.43,0.15
2002,12,373.98,374.72,0.46,0.16
2003,1,375.07,374.82,0.51,0.18
2003,2,375.82,374.95,0.58,0.21
2003,3,376.64,374.99,0.63,0.23
2003,4,377.92,375.24,0.37,0.14
2003,5,378.78,375.73,0.78,0.27
2003,6,378.46,376.21,0.39,0.15
2003,7,376.88,376.37,0.7,0.25
2003,8,374.57,376.27,0.57,0.23
2003,9,373.34,376.65,0.37,0.14
2003,10,373.31,376.65,0.33,0.12
2003,11,374.84,376.99,0.45,0.17
2003,12,376.17,376.93,0.4,0.15
2004,1,377.17,376.96,0.45,0.16
2004,2,378.05,377.19,0.74,0.26
2004,3,379.06,377.4,0.84,0.31
2004,4,380.54,377.8,0.52,0.19
2004,5,380.8,377.66,0.61,0.22
2004,6,379.87,377.57,0.47,0.19
2004,7,377.65,377.12,0.5,0.19
2004,8,376.17,377.9,0.45,0.21
2004,9,374.43,377.8,0.56,0.28
2004,10,374.63,378,0.19,0.07
2004,11,376.33,378.49,0.62,0.22
2004,12,377.68,378.48,0.29,0.1
2005,1,378.63,378.37,0.32,0.11
2005,2,379.91,379.1,0.6,0.24
2005,3,380.95,379.45,1.16,0.44
2005,4,382.48,379.84,0.53,0.2
2005,5,382.64,379.49,0.61,0.21
2005,6,382.4,380.07,0.21,0.08
2005,7,380.93,380.38,0.38,0.13
2005,8,378.93,380.61,0.53,0.2
2005,9,376.89,380.2,0.51,0.19
2005,10,377.19,380.5,0.15,0.08
2005,11,378.54,380.69,0.45,0.18
2005,12,380.31,381.09,0.39,0.15
2006,1,381.58,381.33,0.31,0.12
2006,2,382.4,381.58,0.51,0.2
2006,3,382.86,381.32,0.55,0.2
2006,4,384.8,382.11,0.49,0.19
2006,5,385.22,382.06,0.45,0.17
2006,6,384.24,381.93,0.43,0.16
2006,7,382.65,382.1,0.32,0.12
2006,8,380.6,382.27,0.47,0.17
2006,9,379.04,382.35,0.42,0.16
2006,10,379.33,382.66,0.4,0.16
2006,11,380.35,382.52,0.39,0.14
2006,12,382.02,382.84,0.38,0.14
2007,1,383.1,382.88,0.76,0.3
2007,2,384.12,383.22,0.81,0.34
2007,3,384.81,383.17,0.63,0.23
2007,4,386.73,383.95,0.76,0.29
2007,5,386.78,383.56,0.64,0.23
2007,6,386.33,384.06,0.42,0.16
2007,7,384.73,384.25,0.44,0.16
2007,8,382.24,383.95,0.64,0.26
2007,9,381.2,384.56,0.45,0.19
2007,10,381.37,384.72,0.19,0.07
2007,11,382.7,384.9,0.31,0.11
2007,12,384.19,385.07,0.34,0.14
2008,1,385.78,385.54,0.56,0.19
2008,2,386.06,385.2,0.58,0.22
2008,3,386.28,384.72,0.6,0.21
2008,4,387.34,384.71,1.19,0.49
2008,5,388.78,385.69,0.57,0.22
2008,6,387.99,385.68,0.49,0.2
2008,7,386.6,386.04,0.96,0.58
2008,8,384.32,385.98,0.66,0.25
2008,9,383.41,386.68,0.34,0.12
2008,10,383.21,386.49,0.27,0.11
2008,11,384.41,386.59,0.29,0.11
2008,12,385.79,386.64,0.27,0.1
2009,1,387.17,386.86,0.38,0.13
2009,2,387.7,386.81,0.49,0.18
2009,3,389.04,387.54,0.68,0.25
2009,4,389.76,387.15,0.85,0.3
2009,5,390.36,387.24,0.51,0.18
2009,6,389.7,387.46,0.6,0.21
2009,7,388.25,387.77,0.31,0.13
2009,8,386.29,387.99,0.62,0.22
2009,9,384.95,388.22,0.56,0.2
2009,10,384.64,387.88,0.31,0.11
2009,11,386.23,388.36,0.29,0.1
2009,12,387.63,388.43,0.47,0.2
2010,1,388.91,388.62,0.92,0.32
2010,2,390.41,389.47,1.31,0.56
2010,3,391.37,389.85,1.05,0.4
2010,4,392.67,390.12,0.65,0.24
2010,5,393.21,390.09,0.65,0.23
2010,6,392.38,390.1,0.42,0.15
2010,7,390.41,389.94,0.47,0.17
2010,8,388.54,390.21,0.41,0.16
2010,9,387.03,390.32,0.55,0.19
2010,10,387.43,390.72,0.27,0.09
2010,11,388.87,390.99,0.42,0.15
2010,12,389.99,390.8,0.47,0.17
2011,1,391.5,391.2,0.88,0.31
2011,2,392.05,391.12,0.47,0.17
2011,3,392.8,391.28,0.97,0.35
2011,4,393.44,390.84,0.73,0.26
2011,5,394.41,391.24,0.93,0.33
2011,6,393.95,391.65,0.45,0.16
2011,7,392.72,392.24,0.71,0.26
2011,8,390.33,392.03,0.42,0.15
2011,9,389.28,392.6,0.31,0.12
2011,10,389.19,392.52,0.17,0.06
2011,11,390.48,392.63,0.26,0.1
2011,12,392.06,392.86,0.37,0.14
2012,1,393.31,393.08,0.77,0.27
2012,2,394.04,393.21,1.19,0.45
2012,3,394.59,393,0.63,0.22
2012,4,396.38,393.65,0.59,0.21
2012,5,396.93,393.73,0.5,0.17
2012,6,395.91,393.64,0.59,0.21
2012,7,394.56,394.12,0.3,0.11
2012,8,392.59,394.36,0.52,0.18
2012,9,391.32,394.74,0.42,0.16
2012,10,391.27,394.63,0.23,0.08
2012,11,393.2,395.24,0.53,0.19
2012,12,394.57,395.27,0.44,0.16
2013,1,395.78,395.63,0.6,0.22
2013,2,397.03,396.24,0.57,0.22
2013,3,397.66,396.08,0.71,0.25
2013,4,398.64,395.8,0.59,0.24
2013,5,400.02,396.65,0.37,0.13
2013,6,398.81,396.48,0.43,0.16
2013,7,397.51,397.12,0.52,0.22
2013,8,395.39,397.26,0.45,0.16
2013,9,393.72,397.23,0.35,0.13
2013,10,393.9,397.24,0.16,0.06
2013,11,395.36,397.34,0.6,0.21
2013,12,397.03,397.78,0.48,0.17
2014,1,398.04,397.74,0.49,0.17
2014,2,398.27,397.46,0.51,0.19
2014,3,399.91,398.38,0.84,0.34
2014,4,401.51,398.64,0.5,0.19
2014,5,401.96,398.57,0.51,0.21
2014,6,401.43,399.11,0.36,0.13
2014,7,399.38,398.95,0.56,0.21
2014,8,397.32,399.2,0.22,0.09
2014,9,395.64,399.2,0.56,0.24
2014,10,396.29,399.69,0.75,0.29
2014,11,397.55,399.63,0.38,0.14
2014,12,399.15,399.88,0.61,0.22
2015,1,400.18,399.92,0.55,0.19
2015,2,400.55,399.78,0.63,0.23
2015,3,401.74,400.23,1.02,0.4
2015,4,403.34,400.47,0.86,0.32
2015,5,404.15,400.71,0.32,0.11
2015,6,402.97,400.66,0.47,0.17
2015,7,401.46,401.1,0.57,0.22
2015,8,399.11,401.03,0.74,0.27
2015,9,397.82,401.43,0.32,0.12
2015,10,398.49,401.88,0.56,0.2
2015,11,400.27,402.22,0.58,0.22
2015,12,402.06,402.72,0.67,0.23
2016,1,402.73,402.46,0.56,0.21
2016,2,404.25,403.41,1.11,0.43
2016,3,405.06,403.55,0.81,0.29
2016,4,407.6,404.78,1.04,0.41
2016,5,407.9,404.42,0.5,0.18
2016,6,406.99,404.59,0.6,0.23
2016,7,404.59,404.23,0.88,0.32
2016,8,402.45,404.39,0.6,0.23
2016,9,401.23,404.84,0.44,0.17
2016,10,401.79,405.22,0.3,0.11
2016,11,403.72,405.73,0.72,0.26
2016,12,404.64,405.33,0.44,0.16
2017,1,406.36,406.05,0.68,0.25
2017,2,406.66,405.82,0.71,0.27
2017,3,407.54,406.06,1.03,0.4
2017,4,409.22,406.38,0.86,0.32
2017,5,409.89,406.38,0.57,0.21
2017,6,409.08,406.69,0.54,0.2
2017,7,407.33,407,0.61,0.22
2017,8,405.32,407.29,0.32,0.12
2017,9,403.57,407.16,0.37,0.14
2017,10,403.82,407.21,0.3,0.11
2017,11,405.31,407.34,0.41,0.15
2017,12,407,407.71,0.57,0.2
2018,1,408.15,407.89,0.55,0.19
2018,2,408.52,407.65,0.52,0.19
2018,3,409.59,408.09,0.65,0.23
2018,4,410.45,407.65,0.9,0.38
2018,5,411.44,407.94,0.86,0.33
2018,6,410.99,408.59,0.61,0.22
2018,7,408.9,408.55,0.46,0.17
2018,8,407.16,409.07,0.28,0.1
2018,9,405.71,409.28,0.45,0.16
2018,10,406.19,409.61,0.32,0.11
2018,11,408.21,410.24,0.56,0.22
2018,12,409.27,410.01,0.5,0.17
2019,1,411.03,410.78,1.26,0.47
2019,2,411.96,411.09,1.14,0.42
2019,3,412.18,410.68,1.12,0.4
2019,4,413.54,410.74,0.6,0.22
2019,5,414.86,411.37,0.5,0.18
2019,6,414.16,411.76,0.36,0.13
2019,7,411.97,411.62,0.82,0.31
2019,8,410.18,412.09,0.33,0.12
2019,9,408.79,412.36,0.35,0.13
2019,10,408.75,412.17,0.31,0.11
2019,11,410.48,412.5,0.4,0.15
2019,12,411.98,412.72,0.4,0.14
2020,1,413.61,413.35,0.73,0.26
2020,2,414.34,413.47,0.69,0.25
2020,3,414.74,413.24,0.33,0.12
2020,4,416.45,413.65,0.65,0.24
2020,5,417.31,413.81,0.61,0.23
2020,6,416.62,414.22,0.45,0.16
2020,7,414.61,414.26,0.57,0.2
2020,8,412.78,414.69,0.25,0.1
2020,9,411.52,415.1,0.31,0.11
2020,10,411.51,414.92,0.22,0.08
2020,11,413.11,415.14,0.8,0.29
2020,12,414.25,415,0.48,0.17
